Topic,2010,2011,2012,2013,2014,2015,2016
Enterpreneurs,0,0,0,0,1,0,0
Cloud Deployment,0,0,0,0,0,1,0
Healthcare Professionals,0,0,0,0,0,1,0
NoSQL,0,0,0,3,4,2,1
E-Business Owners,1,0,1,0,0,1,0
Freelance,0,0,0,0,1,1,0
Mobile Technology,0,1,0,3,16,7,1
Hacking,0,0,0,1,3,1,0
Lucene Solr Nutch Mahout and Open Source Search,0,0,0,0,0,1,0
Health Professionals,0,0,0,0,0,1,0
Application Security,0,0,0,0,0,1,0
Open Data,0,0,0,0,1,0,0
Responsive Web Design,0,0,0,0,0,1,0
Entrepreneurship,1,0,1,0,14,10,2
CCSP Cisco Certified Security Professional,0,0,0,0,1,0,0
Email Marketing 2.0,0,0,0,0,0,1,0
JavaScript Libraries,0,0,0,1,1,1,0
Virtual Currency,0,0,0,1,1,1,0
Create a Blog,0,0,0,0,1,0,0
Energy,0,0,0,0,0,1,0
Technology Startups,0,0,1,3,8,11,4
BizSpark,0,0,0,0,0,1,0
Laser Cutting,0,0,0,0,0,0,1
Ethical Hacker,0,0,0,0,1,1,0
computer networking,0,0,0,0,1,0,0
Yii Framework,0,0,0,0,1,0,0
User Research,0,0,0,0,3,0,0
Social Media Marketing,1,0,1,0,3,2,0
BIG DATA-HADOOP,0,0,0,0,1,0,0
CG artists,0,0,0,0,1,0,0
HBase,0,0,1,0,0,0,0
Linux Server,0,0,0,0,1,0,0
Currency Trading,0,0,0,0,0,1,0
Game Development,0,0,0,0,0,1,1
Cybersecurity,0,0,0,0,0,1,0
Enterprise Resource Planning,0,0,0,0,1,0,0
Transhumanism,0,0,0,0,0,0,1
Semantic Technologies,0,0,0,1,0,0,0
Electronic Speed Controllers,0,0,0,0,1,0,0
Bitcoin Miners,0,0,0,1,1,1,0
Scrum Practices,0,0,0,0,0,0,1
Go,0,0,0,0,1,0,0
Web Programming,0,0,0,0,1,0,0
Salesforce.com Integration,0,0,1,0,0,0,0
Unmanned Vehicles,0,0,0,0,2,0,0
Backbone.js,0,0,0,1,1,0,0
Deep Reinforcement Learning,0,0,0,0,0,0,1
Oracle Database Administration,0,0,0,0,0,0,1
MySQL,0,0,0,0,5,0,1
JVM Languages,0,0,0,0,1,0,0
Joomla! Template Design,0,0,0,0,1,0,0
Bitcoin business model,0,0,0,1,0,1,0
Software Quality,0,0,0,1,1,1,0
"Network Marketing, Online Advertising",0,0,0,0,1,0,0
early stage companies in india looking for capital,0,0,1,0,0,0,0
Salesforce.com Developers,0,0,1,0,0,0,0
SQL Server,0,0,0,0,2,0,0
Stanford Machine Learning Course CS 229,0,0,0,0,0,1,0
Interior Design,0,0,0,0,1,0,0
M2M,0,0,0,0,4,0,0
HTML,0,0,0,0,0,1,0
Machine Intelligence,0,0,0,0,0,2,0
3d,0,0,0,0,1,0,0
Coders,0,0,0,0,0,0,1
Product Development,0,0,0,0,1,0,0
Big Data for social media,0,0,0,0,1,2,0
Service Design,0,0,0,0,1,0,0
Smart Sensors,0,0,0,0,3,1,0
Azure,0,0,0,0,0,0,1
Social Networking,1,1,1,0,1,2,0
Customer Relationship Management,0,0,0,0,1,0,0
Advanced Manufacturing & Engineering,0,0,0,0,1,0,0
3D Modeling,0,0,0,0,4,0,0
Cloud Computing,0,0,3,2,12,7,4
Mumbai Drupal Users,0,1,0,0,0,0,0
Technical Certification,0,0,0,0,1,0,0
New Product Development: Software & Tech,0,0,0,0,0,1,0
Learn Wordpress,0,0,0,1,0,0,0
Technology,0,2,0,3,8,5,0
Quantified Self,0,0,0,1,0,0,0
Medical Device Technology,0,0,0,1,0,0,0
WooCommerce,0,0,0,0,0,1,1
VHDL,0,0,0,0,1,0,0
RC Models,0,0,0,0,1,0,0
eMail & eCommerce Marketing,0,0,0,0,0,1,0
Getting started with Python,0,0,0,0,1,0,0
PHP Framework,0,0,0,0,4,0,0
Big Data Ingestion,0,0,0,0,0,0,2
Web Security,0,0,0,0,2,1,0
Video Game Development,0,0,0,0,0,1,0
Wireless Sensor Networks,0,0,0,0,1,0,0
Organic Search Engine Optimization,0,0,0,0,1,0,0
Apache Spark,0,0,0,0,0,1,2
Customer Experience Surveys,0,0,0,0,1,0,0
Agile Coaching,0,0,0,0,1,2,2
ReactJS,0,0,0,0,0,1,0
WordPress Workshops,0,0,0,0,1,0,0
Automation,0,0,0,0,0,1,0
User Interface Design,0,0,0,0,3,1,0
Quality Assurance,0,0,0,1,1,1,0
AngularJS,0,0,0,1,3,0,0
Email Deliverability,0,0,0,0,0,1,0
Business Applications and the Cloud,0,0,0,0,0,1,0
Computer Technology,0,0,0,0,1,0,0
Scala Programming,0,0,0,0,1,0,0
JavaScript,0,0,0,3,8,6,1
Concurrent Programming,0,0,0,0,0,1,0
Networking for Graphic Designers & Marketing Pros,0,0,0,0,1,0,0
Health Information Technology,0,0,0,0,0,1,0
Group Study,0,0,0,0,1,0,0
Blender 3D,0,0,0,0,1,0,0
Smart cities,0,0,0,0,1,0,0
change the World,0,0,0,0,1,0,0
Cisco Systems,0,0,0,0,1,0,0
WordPress SEO,0,0,0,1,1,2,0
Apple Software,0,0,0,0,1,0,0
Docker,0,0,0,0,2,1,0
Semiconductor,0,0,0,0,1,0,0
Open Source,0,1,1,4,17,13,6
UX Design,0,0,0,0,5,1,0
Linux Networking,0,0,0,0,1,0,0
Healthcare Solutions,0,0,0,0,0,1,0
Successful Startup Founders,0,0,0,0,2,1,0
Prototyping,0,0,0,1,1,0,0
Neo4j,0,1,0,1,0,0,0
cofounderslab,0,0,0,0,1,0,0
iOS Platform,0,0,0,0,1,0,0
IBM,0,0,0,1,0,2,0
Science,0,0,0,0,0,0,1
Game Programming,0,0,0,0,0,1,0
Intellectual Discussion,0,0,0,0,0,1,0
Windows Phone,0,0,0,1,0,0,0
UI/UX,0,0,0,0,2,0,0
bitcoin traders,0,0,0,1,1,1,0
Disaster recovery,0,0,0,0,0,1,0
Statistical Modeling,0,0,0,0,1,1,0
User Centered Design,0,0,0,0,1,0,0
Learning Joomla,0,0,0,0,1,0,0
Lean Startup,0,0,0,0,4,4,1
Decentralization,0,0,0,0,0,1,0
Cloud applications,0,0,0,0,0,1,0
Startup Pitching,0,0,0,0,2,2,0
DuckDuckGo,0,0,0,0,0,1,0
Marketing,0,0,0,0,1,1,0
React Native,0,0,0,0,0,1,0
Software Configuration Management,0,0,0,0,1,0,0
RC Cars,0,0,0,0,1,0,0
Artificial Intelligence Applications,0,0,0,0,0,2,2
Google SEO,0,0,0,0,2,0,0
Spark,0,0,0,0,0,1,0
AWS design implementation and servicing,0,0,0,0,1,0,0
Blogging,0,0,0,0,3,2,0
Scala Play Framework,0,0,0,0,1,0,0
Apache Kafka,0,0,0,0,0,0,2
Digital Marketing Professionals,0,0,0,0,1,0,0
"Women ""StartUp"" Entrepreneurs",0,0,0,0,1,1,0
Makerspaces,0,0,0,2,3,1,1
Usability testing,0,0,0,0,1,0,0
VR Glasses,0,0,0,0,0,0,1
Smartphone,0,0,0,0,1,0,0
Blackberry,0,0,0,0,1,0,0
3D Artists,0,0,0,0,1,0,0
Entreprenuers,0,0,0,0,1,0,0
Cognos,0,0,0,0,0,1,0
Python,0,0,0,0,3,3,2
Apple,0,0,0,0,1,0,0
Meeting People that Make a Difference,0,0,0,0,1,0,0
Digital Marketing Strategy,0,0,0,0,2,0,0
Community,0,0,0,0,1,0,0
Machine Learning,0,0,0,1,8,8,3
Functional Programming in Python,0,0,0,0,1,0,0
IT Professionals,0,0,0,0,5,0,0
WordPress,0,0,0,1,2,3,1
Linux,0,1,0,0,5,2,0
Platform Evangelism,0,0,0,0,0,1,0
Mobile App,0,0,0,0,0,1,0
Learn SEO Basics,0,0,0,0,2,0,0
Blender,0,0,0,0,1,0,0
J2EE,0,0,0,0,1,0,0
CISSP,0,0,0,0,1,0,0
entrepreneur matchmaking,0,0,0,0,1,0,0
Oracle Big Data Appliance,0,0,0,0,0,0,1
Professional Networking,1,0,1,0,3,3,0
Freelance Content Writers,0,0,0,0,0,1,0
Oracle APEX Development,0,0,0,0,0,0,1
Network Architecture,0,0,0,0,0,1,0
Microsoft Office 365 public cloud-based technology,0,0,0,0,0,1,0
WordPress Users,0,0,0,1,1,0,0
GraphLab,0,0,0,0,0,0,1
Electrical Engineering,0,0,0,0,1,0,0
Elixir Programming,0,0,0,0,0,1,0
R Users Group,0,0,0,1,0,0,0
eCommerce Marketing,0,0,0,0,2,1,0
Digital Media,0,0,0,0,1,0,0
Scaled Agile Framework (SAFe),0,0,0,0,0,0,1
Python Web Development,0,0,0,0,1,1,1
Entrepreneurs & Network Marketers Connecting,0,0,0,0,1,0,0
Rich Internet Applications,0,1,0,0,0,0,0
High Scalability Computing,0,0,1,2,1,3,1
Usability,0,0,0,1,4,0,0
FPGA,0,0,0,0,1,0,0
Experience Design,0,0,0,0,1,0,0
Startup Businesses,1,1,2,1,8,8,3
Joomla,0,0,0,0,1,0,0
Dan Kennedy Style Marketing,0,0,0,0,1,0,0
Mixed Reality,0,0,0,0,0,0,1
App Development,0,0,0,0,0,1,0
Wordpress Help,0,0,0,1,0,0,0
Aerial videography,0,0,0,0,2,0,0
Open source tools,0,0,0,0,1,0,0
Digital Marketing through Emerging Technologies,0,0,0,0,1,0,0
Smart Home,0,0,0,0,3,0,0
Internet Startup Idea Group,0,0,0,0,1,0,0
Drupal Mastering,0,1,0,0,0,0,0
Mobile Design,0,0,0,0,0,1,0
Amazon Simple Storage Service (Amazon S3),0,0,1,0,0,0,0
Zend Framework,0,0,0,0,2,0,0
Hobbies,0,0,0,0,0,1,0
Interaction Design,0,0,0,0,5,0,0
Women Entrepreneurs,0,0,1,0,2,3,1
Customer Feedback,0,0,0,0,1,0,0
Data Center and Operations Automation,0,0,0,0,3,1,0
Software QA and Testing,0,0,0,1,1,1,0
Windows Mobile,0,0,0,1,0,0,0
Science Technology Engineering Math,0,0,0,0,1,0,0
Perl,0,0,0,0,0,1,0
Mobile Game Development,0,0,0,0,0,1,0
Heroku,0,0,1,0,0,0,0
Advertising and marketing - digital and print,0,0,0,0,0,1,0
Natural Language Processing,0,0,0,0,0,0,1
Cloud Computing Security,0,0,0,0,1,0,0
C#.NET,0,0,0,0,1,0,0
indian startups,0,0,1,0,0,0,0
WordPress Training,0,0,0,1,0,1,0
JQuery,0,0,0,1,0,2,0
Kanban,0,0,0,0,0,2,1
Web Design,0,0,0,3,9,3,1
Play Framework,0,0,0,0,1,0,0
Make a difference,0,0,0,0,1,0,0
CEM,0,0,0,0,1,0,0
Apex Development,0,0,1,0,0,0,1
Ansible,0,0,0,0,1,1,0
Microsoft Access,0,0,0,0,1,0,0
Leveraging Big Data,0,0,0,0,1,2,0
Creative Design,0,0,0,0,1,0,0
Founder Institute,0,0,0,0,1,0,0
Indie Games,0,0,0,0,0,1,0
Oracle Weblogic,0,0,0,0,0,0,1
Computer Security,0,0,0,0,2,2,0
Independent Game Development,0,0,0,0,0,1,1
CSS,0,0,0,0,0,1,0
Quad Copters,0,0,0,0,1,0,0
Software Development,0,2,1,5,26,14,7
Wordpress Themes,0,0,0,1,2,1,1
Education,0,0,0,0,1,0,0
WordPress Small Business Web Sites,0,0,0,1,0,2,0
Big Data,0,0,1,3,15,13,8
ASP.NET,0,0,0,0,1,1,0
Money,0,0,0,1,0,1,0
Functional Programming,0,0,0,1,2,1,1
Bluetooth Low Energy,0,0,0,0,2,0,0
Smart City,0,0,0,0,1,0,0
Software Testing,0,0,0,1,1,1,0
Wearable Technologies,0,0,0,0,1,0,0
Hardware Hacks & Gadgeteering,0,0,0,1,0,0,0
Using MongoDB in the cloud,0,0,0,1,0,0,0
New Technology,0,1,2,3,21,11,6
Mobile User Experience,0,0,0,0,3,2,0
rapid prototyping,0,0,0,0,2,0,0
Amazon Web Services,0,0,1,1,2,0,1
Email Marketing (Ecommerce),0,0,0,0,0,1,0
Database Professionals,0,1,0,1,3,0,1
Arduino,0,0,0,1,3,1,1
Information Technology in Business,0,0,0,0,1,0,0
M2M Devices,0,0,0,0,3,0,0
Web Standards,0,0,0,1,0,0,0
ASP.NET MVC,0,0,0,0,1,1,0
Social Innovation,0,0,0,0,0,1,0
Medicine,0,0,0,0,0,1,0
co-founder,0,0,0,0,1,0,0
Mathematical Modelling,0,0,0,0,1,0,0
Hadoop Analytics,0,0,0,0,1,0,0
Explore: Agile Scrum XP Lean Kanban,0,0,0,0,0,0,1
Design Strategy,0,0,0,0,1,0,0
APIs,0,0,0,0,0,1,0
test,0,0,0,0,0,1,0
Ember JS,0,0,0,1,1,1,0
Axure RP Interactive Wireframing,0,0,0,0,1,0,0
Web Services,0,0,1,0,1,0,0
indian cofounders,0,0,1,0,0,0,0
Data,0,0,0,0,2,0,0
ITIL ITSM,0,0,0,0,1,0,0
DIY (Do It Yourself),0,0,0,1,3,2,1
Customer Satisfaction,0,0,0,0,1,0,0
Six Sigma,0,0,0,0,0,1,0
Developing Mobile Apps,0,0,0,0,0,1,0
Technology Innovation,0,0,0,0,0,1,0
Ruby On Rails,0,0,0,0,1,1,0
IOT hacking,0,0,0,0,2,0,0
Database Development,0,1,0,2,3,1,1
Computer programming,0,2,2,6,25,10,3
EC2,0,0,1,0,1,0,0
"Game Design, Game Modding, 3D Modeling",0,0,0,0,1,0,0
Oracle,0,0,0,0,0,0,1
Kx,0,0,0,0,0,1,0
Motion Graphics,0,0,0,0,2,0,0
Test Automation Frameworks,0,0,0,0,1,0,0
Affiliate Marketing,1,0,0,0,0,0,0
MongoDB,0,0,0,3,3,0,0
Statistical Computing,0,0,0,1,0,0,0
Programming Languages,0,0,0,0,6,0,0
Deep Learning,0,0,0,0,0,1,2
Agile Project Management,0,0,0,1,2,3,2
Objective C,0,0,0,1,1,1,0
Unix,0,0,0,0,1,0,0
Product Management,0,0,0,0,0,1,0
User experience design,0,0,0,0,3,0,0
Be the Change You Wish to See in the World,0,0,0,0,1,0,0
Cassandra,0,0,0,1,0,0,0
Knowledge Sharing,0,0,0,0,0,0,1
3D Animation,0,0,0,0,2,0,0
Healthcare Innovation,0,0,0,0,0,1,0
UI Design,0,0,0,0,4,1,0
Animation,0,0,0,0,1,0,0
Matlab,0,0,0,0,1,0,0
Copywriting,0,0,0,0,1,0,0
Decentralized Systems,0,0,0,0,0,1,0
iOS Game Development,0,0,0,0,1,0,0
Hacking together Art Design and Code,0,0,0,0,1,0,0
Internet of Things,0,0,0,0,6,1,2
Youth Mentoring,0,0,0,0,1,0,0
BlackBerry Application Development,0,0,0,0,1,0,0
Quadcopters,0,0,0,0,1,0,0
Online Marketing,1,0,1,0,9,2,1
Windows Azure Platform,0,0,0,0,1,1,0
Test Automation,0,0,0,1,1,1,0
Web Application,0,0,0,0,0,0,1
Stream Processing,0,0,0,0,0,0,1
Apache Apex,0,0,0,0,0,0,2
online,0,0,0,0,1,0,0
Gadget Lovers,0,0,0,1,0,0,0
Continuous Integration,0,0,0,0,1,0,0
Entrepreneur Networking,0,0,0,0,1,2,1
QA Professionals,0,0,0,0,1,0,0
Amazon Relational Database Service (Amazon RDS),0,0,1,0,0,0,0
WordPress for Business,0,0,0,1,0,2,0
Windows Phone Developers,0,0,0,1,0,0,0
System Administration,0,0,0,0,3,1,0
Multicopters,0,0,0,0,1,0,0
IaaS (Infrastructure as a Service),0,0,1,0,4,1,1
Pay Per Click,0,0,0,0,1,0,0
Writing for Blogs,0,0,0,0,1,0,0
Building an Online Business,0,0,0,0,1,1,0
Personal Achievement,0,0,0,0,0,1,0
Cryptocurrency,0,0,0,1,1,1,0
Woodworking,0,0,0,1,0,0,0
eCommerce Technology,0,0,0,0,2,1,0
Online Retailers,0,0,0,0,1,0,0
Mobile Web Services,0,0,0,0,1,0,0
Help for Business Startups,0,0,0,0,2,1,0
SEO for Small to Medium Sized Businesses,0,0,0,0,3,0,0
Customer Experience Management,0,0,0,0,1,0,0
Small Business Technology,0,0,0,1,0,0,0
JavaScript Frameworks,0,0,0,2,3,3,0
Hadoop,0,0,2,3,4,6,2
SEO for Magento,0,0,0,0,1,0,0
Alternative Currency,0,0,0,0,0,1,0
Amazon Elastic MapReduce (Amazon EMR),0,0,1,0,0,0,0
BlackBerry Development,0,0,0,0,1,0,0
Innovation,0,0,0,0,2,3,1
Riak,0,0,0,1,0,0,0
Math,0,0,0,0,1,0,0
R Project for Statistical Computing,0,0,0,1,0,1,0
BlueMix,0,0,0,0,1,2,1
Server Side Javascript,0,0,0,0,0,1,0
Weekend Adventures,0,0,0,0,0,0,1
AWS,0,0,1,0,2,0,1
Search Engine Marketing,0,0,0,0,4,1,0
Network Engineering,0,0,0,0,1,0,0
Salesforce.com,0,0,1,0,0,0,0
Engineering Students,0,0,0,0,1,0,0
ElasticSearch,0,0,0,0,0,1,0
Drupal Users,0,1,0,0,0,0,0
Elixir,0,0,0,0,0,1,0
SEO for Small Businesses,0,0,0,0,1,0,0
.net development,0,0,0,0,1,0,0
Web Service Security,0,0,0,0,1,0,0
Configuration Management,0,0,0,0,3,1,0
Data Scientist,0,0,0,0,1,0,0
Artificial Intelligence Machine Learning Robotics,0,0,0,0,0,2,1
Testing Tools,0,0,0,0,1,1,0
Agile Leadership,0,0,0,0,1,2,2
Product Design,0,0,0,1,2,1,0
Mentor,0,0,0,0,1,0,0
Single Page Applications,0,0,0,0,1,0,0
Fitness,0,0,0,1,0,0,0
Entertainment Industry,0,0,0,0,1,0,0
Distributed Systems,0,0,0,0,0,1,0
Customer Experience,0,0,0,0,1,0,0
Salesforce.com Users,0,0,1,0,0,0,0
User experience research,0,0,0,0,2,0,0
Women Entrepreneur,0,0,0,0,1,0,0
E-Commerce,0,0,0,0,3,4,2
Blogging for Business,0,0,0,0,1,0,0
Object Oriented programming,0,0,0,0,1,0,0
Open source python,0,0,0,0,2,0,0
PHP,0,1,1,0,6,0,2
JIRA,0,0,0,0,1,0,0
Venture Capital,0,0,1,0,1,1,0
Blogging to Promote Yourself,0,0,0,0,0,1,0
Network Security,0,0,0,0,2,1,0
Scrum Master,0,0,0,0,0,0,1
CCIE Routing & Switching,0,0,0,0,1,0,0
Cisco Career Certifications,0,0,0,0,1,0,0
Software Design,0,0,0,0,1,0,0
analytics,0,0,0,0,0,1,0
Verilog,0,0,0,0,1,0,0
Founders,0,0,1,0,1,0,0
Color theory,0,0,0,0,0,1,0
Android,0,0,0,1,1,1,0
Artificial Intelligence Programming,0,0,0,0,0,2,2
Social Media,0,0,0,0,4,1,1
hackathons,0,0,0,0,1,0,1
Scrum,0,0,0,1,1,3,2
Business Referral Networking,1,0,1,0,1,0,0
Healthcare IT,0,0,0,0,0,1,0
Joomla Users,0,0,0,0,1,0,0
Scaling Agile,0,0,0,0,0,1,1
Data Analytics,0,0,1,1,13,10,4
Mobile Development,0,0,0,5,17,5,2
Data Journalism,0,0,0,0,1,0,0
Apache Lucene and Solr Open Source Search,0,0,0,0,0,1,0
RC Planes: Remote Controlled,0,0,0,0,2,0,0
Wellness,0,0,0,1,0,0,0
Education & Technology,0,0,0,0,0,0,3
Graphic Design Professionals,0,0,0,0,1,0,0
BlackBerry 10,0,0,0,0,1,0,0
Visualforce Development,0,0,1,0,0,0,0
Penetration Testing,0,0,0,0,1,0,0
Data Science using Python,0,0,0,0,0,1,2
Cloud Networking,0,0,0,0,0,1,0
Mobile Cloud,0,0,0,0,0,1,0
Amazon Elastic Load Balancing,0,0,1,0,0,0,0
e-commerce business,0,0,0,0,2,2,0
Internet Professionals,1,1,1,0,6,1,0
Mobile Games,0,0,0,1,0,0,0
MapReduce,0,0,0,2,3,6,2
Business Startup,0,0,0,0,1,0,0
Search Engines,0,0,0,0,0,1,0
CCIE Voice,0,0,0,0,1,0,0
Ecommerce & Social Media,0,0,0,0,1,1,0
Predictive Analytics,0,0,0,1,4,6,5
"""Cloud Computing"" How to use it for your business",0,0,0,0,1,0,0
Professional Development,1,0,0,0,2,1,2
Information Architecture,0,0,0,0,1,0,0
Genetics,0,0,0,0,0,1,0
Mesh Networks,0,0,0,0,0,1,0
ECommerce Workshops,0,0,0,0,0,1,0
Big Data Analytics,0,0,0,1,7,8,2
GNU/linux,0,0,0,0,1,0,0
SaaS (Software as a Service),0,0,1,1,2,1,0
OpenStack,0,0,0,0,2,1,1
cloud services in healthcare,0,0,0,0,0,1,0
Service Catalogue Management,0,0,0,0,1,0,0
Decentralized Applications,0,0,0,0,0,1,0
Digital Marketer,0,0,0,0,1,0,0
ERP Consulting,0,0,0,0,0,1,0
C#,0,0,0,0,1,1,0
SEO Video Marketing,0,0,0,0,2,0,0
Internet Startups,0,0,0,0,6,6,1
Aerial photography,0,0,0,0,2,0,0
Digital marketing workshop,0,0,0,0,1,0,0
ADO.NET Entity Framework,0,0,0,0,1,0,0
Online Advertising,0,0,0,0,0,1,0
Doctors,0,0,0,0,0,1,0
Enterprise Search,0,0,0,0,0,1,0
.NET,0,0,0,0,0,1,0
Social Coding,0,0,0,0,1,0,1
New Product Development Professionals: NPDP,0,0,0,0,0,1,0
UAV,0,0,0,0,2,0,0
Data Science,0,0,0,1,7,7,3
Splunk,0,0,0,0,1,0,0
SAS,0,0,0,0,1,1,0
Arduino and Robotics,0,0,0,0,1,0,0
Digital Currency,0,0,0,1,1,1,0
Information Technology,0,0,0,1,4,1,0
Smart Property,0,0,0,0,0,1,0
Cloud Foundry,0,0,0,0,1,1,1
E-Commerce - Internet Marketing,0,0,0,0,1,1,0
ServiceNow,0,0,0,0,1,0,0
E-Commerce Professionals,0,0,0,0,1,0,0
User Experience,0,0,0,1,5,3,0
User Group,0,0,0,0,1,0,0
.net developers,0,0,0,0,1,0,0
Test Driven Development,0,0,0,1,1,2,1
Google adWords,0,0,0,0,1,0,0
Startup Incubation,0,0,0,0,1,1,0
3DMedia,0,0,0,0,1,0,0
Small Business,0,0,1,0,2,1,1
Internet e-Business & Startups,0,0,0,0,1,0,0
Agile Testing,0,0,0,1,1,2,0
Ember Data,0,0,0,0,1,0,0
"CCNP, CCIE",0,0,0,0,1,0,0
Selenium,0,0,0,1,0,1,0
Hybrid Cloud,0,0,0,0,0,1,0
Apache Cordova,0,0,0,0,1,0,0
oracle developer/programmer,0,0,0,0,0,0,1
Mobile Marketing,0,0,0,0,0,2,0
JavaScript Applications,0,0,0,0,0,1,0
Angel Investors,0,0,1,0,0,0,0
Healthy Living,0,0,0,1,0,0,0
Video Games,0,0,0,0,0,0,1
How to Market Your Business through Blogging,0,0,0,0,1,0,0
Autodesk Maya,0,0,0,0,1,0,0
Wireframing,0,0,0,0,1,0,0
Wordpress Plugins,0,0,0,1,1,2,1
couchdb,0,0,0,0,1,0,0
Platform as a Service,0,0,0,0,1,1,0
What is Bitcoin,0,0,0,1,1,1,0
healthcare technology,0,0,0,0,0,1,0
BigDataDevelopers,0,0,0,1,0,0,0
Open Source Content Management,0,0,0,0,1,0,0
User Experience Optimization,0,0,0,0,2,0,0
nodeJS,0,0,0,1,5,1,0
Visualforce,0,0,1,0,0,0,0
Geeks & Nerds,0,0,0,0,1,0,0
SEO (Search Engine Optimization),1,0,0,0,7,0,1
HTML5,0,0,0,1,2,1,0
Video Game Developers,0,0,0,0,0,1,0
Fashion Bloggers,0,0,0,0,0,1,0
Software Security,0,0,0,0,1,1,0
Software Engineering,0,0,0,0,1,0,0
Joomla users and developers,0,0,0,0,1,0,0
PhoneGap,0,0,0,0,1,0,0
Start-up,0,0,0,0,1,0,0
Young Entrepreneur,0,0,0,0,0,0,1
SEO Business Development,0,0,0,0,2,0,0
beginner php programming,0,0,0,0,2,0,0
Makers,0,0,0,1,1,0,1
LAMP,0,1,0,0,3,0,0
Hardware Engineering,0,0,0,1,1,0,0
Front-end Development,0,0,0,1,1,1,0
iPhone,0,0,0,0,0,1,0
Digital Marketing,1,0,0,0,2,1,0
3D Printing,0,0,0,1,1,0,1
Open Source Frameworks,0,0,0,1,1,0,0
Bitcoin,0,0,0,1,1,1,0
Microcontrollers,0,0,0,1,1,1,0
Startups meet VCs and Angel Investors,0,0,1,0,0,0,0
Creating Amazon Cloud Applications,0,0,0,0,0,1,0
Email Campaign Management,0,0,0,0,0,1,0
Open Standards,0,0,0,0,0,1,0
Gaming,0,0,0,0,0,1,0
iOS Development,0,1,0,2,5,4,2
Data Visualization,0,0,0,2,9,7,4
Hacker News,0,0,0,0,1,0,0
Graphical User Interfaces,0,0,0,0,1,0,0
Multi-Rotor Aircraft,0,0,0,0,2,0,0
Health and Technology,0,0,0,0,0,1,0
Agile Transformation,0,0,0,0,0,1,0
Apache Hadoop,0,0,0,0,1,1,0
Raspberry Pi,0,0,0,0,1,1,0
Adobe Creative Suite,0,0,0,0,1,0,0
WordPress Developers,0,0,0,1,1,2,0
Embedded Systems,0,0,0,0,1,1,0
Help Desk,0,0,0,0,1,0,0
Free Software Foundation,0,0,0,0,1,0,0
CCIE,0,0,0,0,1,0,0
Lean Six Sigma,0,0,0,0,0,1,0
Drupal,0,1,1,0,0,0,0
Direct Response Marketing,0,0,0,0,1,0,0
Joomla Mastering,0,0,0,0,1,0,0
iOS,0,0,0,1,3,2,0
RC Helicopters: Remote Controlled Helis,0,0,0,0,2,0,0
Women Science Technology Engineering & Mathematics,0,0,0,0,1,0,0
CMS (Content Management Systems),0,1,1,0,2,0,1
Applied Statistics,0,0,0,1,1,0,0
Data Mining,0,0,0,2,8,9,3
Oracle Business Solutions,0,0,0,0,0,0,1
Cloud Storage,0,0,0,0,1,1,0
Web Technology,0,2,2,1,16,9,1
Leadership,0,0,0,0,0,1,0
Python/Linux devop,0,0,0,0,1,0,0
Drone,0,0,0,0,2,0,0
SEO for Local Business,0,0,0,0,2,0,0
Robotics,0,1,0,1,1,2,1
Starting an E-Commerce Bus,0,0,0,0,1,0,0
CCNA,0,0,0,0,1,0,0
Learning,0,0,0,0,0,0,1
Cloud Computing Strategies and Roadmaps,0,0,0,0,1,1,1
Internet Retail,0,0,0,0,1,0,0
Custom Cars,0,0,0,0,1,0,0
Data Management,0,0,0,0,1,1,0
Small Business Marketing Strategy,1,0,0,0,0,0,0
Java,0,1,0,0,1,0,0
Scala,0,0,0,0,1,1,0
Industrial Design,0,0,0,1,0,0,0
Women in Technology,0,0,0,0,1,0,0
Software Defined Networking,0,0,0,0,0,1,0
Digital Marketing Analytics,0,0,0,0,2,0,0
Technology Professionals,0,0,0,2,2,0,0
Programmers,0,0,1,0,1,0,0
Cryptography,0,0,0,1,0,1,0
lean,0,0,0,0,0,1,0
DevOps,0,0,0,0,5,3,0
PaaS: Platform as a Service,0,0,2,0,1,1,0
Cloud Security,0,0,0,0,1,3,0
Continuous Delivery,0,0,0,0,3,1,0
Sensors,0,0,0,0,3,0,0
Ruby,0,0,0,0,1,1,0
Android Development,0,1,0,2,7,1,3
PHP CMS,0,0,0,0,1,0,0
Mobile App Development,0,0,1,0,0,0,0
Content Strategy,0,0,0,0,3,0,0
Customer Service,0,0,0,0,1,0,0
PaaS (Platform as a Service),0,0,1,0,4,2,1
Microsoft .Net User Group,0,0,0,0,1,0,0
Wordpress Customization,0,0,0,1,2,1,1
Professional Blogging,0,0,0,0,1,1,0
Growth Hacking,0,0,0,0,0,1,0
Extreme Programming,0,0,0,1,0,3,2
Radio Control Flying,0,0,0,0,2,0,0
Healthcare Big Data,0,0,0,0,0,1,0
Venture Capital Firms,0,0,1,0,0,0,0
Courses and Workshops,0,0,0,0,0,0,1
WordPress Websites,0,0,0,1,0,1,0
Business Strategy,0,0,0,0,3,2,2
Open Source Cloud,0,0,0,0,1,0,0
Big Data Developers,0,0,0,0,1,2,0
Machine-to-Machine,0,0,0,0,3,0,0
mobile analytics,0,0,0,1,0,0,0
Games,0,0,0,0,0,1,1
Learning Drupal,0,1,0,0,0,0,0
Best Practices for High Performance eCommerce,0,0,0,0,2,2,0
PHP Application Development,0,0,0,0,4,0,1
Smart Contracts,0,0,0,0,0,1,0
CCIE Cisco Certified Internetwork Expert,0,0,0,0,1,0,0
neural networks,0,0,0,0,0,2,1
UX / UI Design,0,0,0,0,2,0,0
Bring Angel Investors and Startups Together,0,0,1,0,0,0,0
Web Application Security,0,0,0,0,2,2,0
Radio Control,0,0,0,0,1,0,0
White Hat Hacking,0,0,0,0,2,1,0
Embedded Systems Programming,0,0,0,0,1,0,0
web application development,0,0,0,0,0,0,1
Disruptive innovation,0,0,0,0,0,1,0
Meteor,0,0,0,1,0,0,0
Statistics and data analysis,0,0,0,1,0,0,0
BI on Cloud,0,0,0,0,0,1,0
Content Marketing,1,0,0,0,2,0,0
Opscode Chef,0,0,0,0,1,0,0
early stage investors,0,0,1,0,0,0,0
Smart Grid,0,0,0,0,3,0,0
BigData,0,0,1,0,0,0,0
Ubuntu,0,0,0,0,1,0,0
Information Security,0,0,0,0,3,3,0
Community Building,0,0,0,0,1,0,0
Web Development,0,2,0,5,27,8,5
Video Game Design,0,0,0,0,0,0,1
Building Drones,0,0,0,0,1,0,0
Load Testing and Performance,0,0,0,1,0,0,0
Web Operations,0,0,0,0,2,0,0
Lean Management,0,0,0,0,0,1,0
Symfony2,0,0,0,0,1,0,0
Graphic Design,0,0,0,0,1,0,0
Open Source Hardware,0,0,0,0,0,1,0
Content Strategy and SEO,0,0,0,0,6,0,0
Ethereum,0,0,0,0,0,1,0
Mobile App Marketing,0,0,0,0,0,1,0
Blog Design,0,0,0,0,1,0,0
Email Campaign Marketing,0,0,0,0,0,1,0
blog marketing,0,0,0,0,1,0,0
Engineering,0,0,0,1,0,0,1
Puppet,0,0,0,0,1,0,0
Drones,0,0,0,0,2,0,0
Graph Databases,0,1,0,0,0,0,0
Entreprenuer networking,0,0,0,0,1,0,0
Startup Weekend,0,0,0,0,0,1,0
Exam preparation,0,0,0,0,1,0,0
KeystoneJS,0,0,0,0,1,0,0
Business Ideas,0,0,0,0,1,0,0
ERP Software,0,0,0,0,0,1,0
Text Analytics,0,0,0,1,0,1,0
Apex,0,0,1,0,0,0,1
Go programming language,0,0,0,0,1,0,0
Mathematica,0,0,0,0,1,0,0
BlackBerry Apps,0,0,0,0,1,0,0
golang,0,0,0,0,1,0,0
Oracle PL/SQL Development,0,0,0,0,0,0,1
Mathematics,0,0,0,0,1,0,0
Electronics,0,0,0,1,3,1,0
Business continuity,0,0,0,0,0,1,0
Bluetooth Technology,0,0,0,0,1,0,0
Learn Blogging,0,0,0,0,1,1,0
Innovations in Software Testing,0,0,0,0,1,0,0
IBM Bluemix,0,0,0,0,1,1,1
Augmented Reality,0,0,0,0,0,0,1
Infrastructure as Code,0,0,0,0,2,1,0
Applied Math,0,0,0,0,1,0,0
Data Analysis and Modeling,0,0,0,0,2,0,0
Open Source Community,0,0,0,1,1,0,0
Laravel,0,0,0,0,2,0,0
mbed developers,0,0,0,0,1,0,0
Share Experiences Knowledge of Product Development,0,0,0,0,0,1,0
College Students,0,0,0,0,0,1,0
Business Growth,0,0,0,0,0,1,0
VB.NET,0,0,0,0,1,0,0
Joomla Extension Development,0,0,0,0,1,0,0
Force.com,0,0,1,0,0,0,0
Business Analytics,0,0,0,1,0,5,0
Telematics,0,0,0,0,1,0,0
WordPress User Community,0,0,0,1,0,0,0
Internet E-Commerce Professionals & Startups,0,0,0,0,1,0,0
Hardware,0,0,0,0,1,0,0
Service-now.com,0,0,0,0,1,0,0
Virtualization,0,0,0,0,6,1,1
Business Intelligence,0,0,0,0,0,3,0
Cloud Analytics,0,0,0,0,0,1,0
Virtual Worlds,0,0,0,0,0,0,1
"HTML, XHTML, CSS & JavaScript",0,0,0,0,0,1,0
Virtual Reality,0,0,0,0,0,0,1
Artificial Intelligence,0,0,0,0,2,3,3
